rs_id,gene,pvalue,pvalueText,efoTrait,orPerCopyNum,betaNum,studyId
rs2187668,HLA-DRB1,8e-93,,,4.32,,
rs2187668,HLA-DRB1,1e-19,,,7.04,,
rs2187668,HLA-DRB1,1e-50,,,6.23,,
rs2187668,HLA-DRB1,6e-28,,,2.23,,
rs2187668,HLA-DRB1,2.9999999999999995e-21,,,,,
rs2187668,HLA-DRB1,2e-33,,,2.53,,
rs2187668,HLA-DRB1,2e-78,,,2.9,,
rs2187668,HLA-DRB1,4e-10,,,2.93,,
rs2187668,HLA-DRB1,4e-11,,,,0.372,
rs2187668,HLA-DRB1,8e-06,,,,0.0258,
rs2187668,HLA-DRB1,2e-11,,,2.06,,
rs2187668,HLA-DRB1,4.9999999999999994e-36,,,3.4,,
rs2187668,HLA-DRB1,2e-07,,,1.9647566,,
rs2187668,HLA-DRB1,4e-06,,,2.21266,,
rs2187668,HLA-DRB1,4e-77,,,,0.12451027,
rs2187668,HLA-DRB1,1e-09,,,,,
rs9272346,HLA-DQB1,6e-129,,,,,
rs9272346,HLA-DQB1,5e-134,,,5.49,,
rs9272346,HLA-DQB1,2e-08,,,,,
rs9272346,HLA-DQB1,2e-28,,,,0.15,
rs9272346,HLA-DQB1,2e-156,,,,,
rs9272346,HLA-DQB1,2e-47,,,1.13,,
rs9272346,HLA-DQB1,2e-08,,,1.13,,
rs9272346,HLA-DQB1,5.999999999999999e-24,,,1.16,,
rs9272346,HLA-DQB1,7e-08,,,,,
rs9272346,HLA-DQB1,4e-37,,,1.13,,
rs3087243,CTLA4,8e-11,,,,,
rs3087243,CTLA4,1e-15,,,,,
rs3087243,CTLA4,2e-17,,,1.2,,
rs3087243,CTLA4,4e-22,,,1.15,,
rs3087243,CTLA4,3.0000000000000002e-25,,,1.14,,
rs3087243,CTLA4,1e-21,,,,0.07175,
rs3087243,CTLA4,2e-64,,,,0.1516,
rs3087243,CTLA4,8e-11,,,,0.014,
rs3087243,CTLA4,4e-23,,,0.86,,
rs3087243,CTLA4,4e-28,,,0.87809545,,
rs3087243,CTLA4,5e-10,,,1.1201224,,
rs3087243,CTLA4,3e-19,,,0.92,,
rs3087243,CTLA4,4e-75,,,1.16,,
rs3087243,CTLA4,2.9999999999999996e-24,,,0.88,,
rs3087243,CTLA4,6.999999999999999e-208,,,,0.1281,
rs3087243,CTLA4,1e-29,,,0.8892294,,
rs3087243,CTLA4,2.9999999999999995e-21,,,0.88621116,,
rs3087243,CTLA4,9.000000000000001e-18,,,,0.04075,
rs3087243,CTLA4,8e-18,,,,0.017166523,
rs3087243,CTLA4,5e-85,,,,0.1787135,
rs3087243,CTLA4,1e-11,,,1.1177704,,
rs3087243,CTLA4,6e-16,,,,0.046470214,
rs3087243,CTLA4,5e-47,,,,0.1466,
rs3087243,CTLA4,8e-107,,,,0.1236,
rs3087243,CTLA4,1e-56,,,,0.1277,
rs3087243,CTLA4,7e-82,,,,,
rs3087243,CTLA4,6e-12,,,,0.0418169,
rs3087243,CTLA4,3e-19,,,,0.0550988,
rs3087243,CTLA4,3.0000000000000002e-18,,,,0.1443,
rs3087243,CTLA4,1e-23,,,,0.138126,
rs3087243,CTLA4,8.999999999999999e-20,,,,0.14051,
rs3087243,CTLA4,2e-16,,,,0.05442,
rs3087243,CTLA4,6.999999999999999e-11,,,,,
rs3087243,CTLA4,3.0000000000000002e-15,,,,0.0471,
rs3087243,CTLA4,1e-74,,,,0.17049159,
rs3087243,CTLA4,1e-08,,,0.89744806,,
rs3087243,CTLA4,2e-18,,,,0.095218025,
rs3087243,CTLA4,9.000000000000001e-15,,,1.1363636,,
rs3087243,CTLA4,7e-13,,,,0.05597,
rs3087243,CTLA4,6.000000000000001e-56,,,,0.1454,
rs3087243,CTLA4,8e-20,,,,0.2038,
rs3087243,CTLA4,4e-88,,,,0.1734,
rs3087243,CTLA4,3e-27,,,,0.05932,
rs3087243,CTLA4,3e-107,,,,0.1258,
rs3087243,CTLA4,1e-08,,,0.87,,
rs3087243,CTLA4,1e-27,,,,0.05472,
rs3087243,CTLA4,3e-14,,,,0.07058,
rs3087243,CTLA4,5e-16,,,,,
rs3087243,CTLA4,4e-11,,,,,
rs3087243,CTLA4,2e-08,,,0.89,,
rs3087243,CTLA4,6.999999999999999e-21,,,1.1904762,,
rs3087243,CTLA4,1e-15,,,1.105,,
rs3087243,CTLA4,2e-09,,,,0.028,
rs3087243,CTLA4,6e-89,,,,0.1633595,
rs3087243,CTLA4,1e-14,,,,0.2751,
rs3087243,CTLA4,1e-37,,,,0.2112,
rs3087243,CTLA4,3e-50,,,,0.1207,
rs3087243,CTLA4,2e-13,,,1.0827,,
rs3087243,CTLA4,1e-22,,,,0.24193901,
rs3087243,CTLA4,7e-24,,,0.86901057,,
rs3087243,CTLA4,5.0000000000000005e-17,,,,0.05852,
rs3087243,CTLA4,1e-16,,,,0.1592,
rs3087243,CTLA4,6e-06,,,0.879,,
rs3087243,CTLA4,2e-16,,,1.2083132,,
rs3087243,CTLA4,8.999999999999999e-39,,,,0.1755,
rs3087243,CTLA4,7e-49,,,,,
rs3087243,CTLA4,3e-73,,,,0.1192,
rs3087243,CTLA4,3e-19,,,,0.0551794,
rs3087243,CTLA4,2.9999999999999997e-20,,,,0.05634577,
rs3087243,CTLA4,2e-28,,,,0.07186,
rs3087243,CTLA4,1e-18,,,,0.0462919,
rs3087243,CTLA4,9e-12,,,,0.04705,
rs2476601,PTPN22,2e-80,,,1.98,,
rs2476601,PTPN22,1e-07,,,1.8,,
rs2476601,PTPN22,2e-11,,,1.72,,
rs2476601,PTPN22,2e-21,,,,,
rs2476601,PTPN22,1e-08,,,1.31,,
rs2476601,PTPN22,4e-09,,,1.26,,
rs2476601,PTPN22,9e-85,,,,,
rs2476601,PTPN22,8e-10,,,1.71,,
rs2476601,PTPN22,2e-111,,,2.0,,
rs2476601,PTPN22,5e-33,,,1.77,,
rs2476601,PTPN22,1e-07,,,1.39,,
rs2476601,PTPN22,1e-08,,,,,
rs2476601,PTPN22,9e-170,,,1.8,,
rs2476601,PTPN22,7e-20,,,2.7073,,
rs2476601,PTPN22,1e-15,,,,0.0709965,
rs2476601,PTPN22,2e-14,,,,0.0770099,
rs2476601,PTPN22,1e-12,,,,,
rs2476601,PTPN22,6e-37,,,,0.2718,
rs2476601,PTPN22,2e-109,,,1.39,,
rs2476601,PTPN22,1e-15,,,,0.028,
rs2476601,PTPN22,4e-20,,,,0.0755816,
rs2476601,PTPN22,1e-64,,,,,
rs2476601,PTPN22,5e-135,,,1.72,,
rs2476601,PTPN22,1e-173,,,0.5539394,,
rs2476601,PTPN22,4e-144,,,1.41,,
rs2476601,PTPN22,3e-45,,,,0.3308,
rs2476601,PTPN22,2e-14,,,,0.0305,
rs2476601,PTPN22,2e-12,,,,0.0442,
rs2476601,PTPN22,2e-12,,,1.49,,
rs2476601,PTPN22,3e-196,,,1.41,,
rs2476601,PTPN22,4e-07,,,1.21,,
rs2476601,PTPN22,7.000000000000001e-09,,,,0.1106,
rs2476601,PTPN22,9e-23,,,,0.08798643,
rs2476601,PTPN22,3e-12,,,1.35,,
rs2476601,PTPN22,2e-35,,,1.61,,
rs2476601,PTPN22,1e-12,,,,0.0665167,
rs2476601,PTPN22,4e-169,,,0.5800158,,
rs2476601,PTPN22,4e-16,,,,0.072014816,
rs2476601,PTPN22,4e-168,,,0.58048,,
rs2476601,PTPN22,3e-169,,,,0.41397324,
rs2476601,PTPN22,4e-81,,,1.6220682,,
rs2476601,PTPN22,1e-10,,,,0.019969,
rs2476601,PTPN22,2e-21,,,,0.05610971,
rs2476601,PTPN22,2e-117,,,,0.3663,
rs2476601,PTPN22,4e-15,,,2.02,,
rs2476601,PTPN22,3e-12,,,,0.0681657,
rs2476601,PTPN22,4e-11,,,,0.0533225,
rs2476601,PTPN22,3.0000000000000003e-13,,,,0.04300217,
rs2476601,PTPN22,4e-16,,,,0.0705075,
rs2476601,PTPN22,4e-06,,,0.583,,
rs2476601,PTPN22,2e-14,,,1.1111112,,
rs2476601,PTPN22,1e-20,,,,0.05488,
rs2476601,PTPN22,1e-16,,,1.25,,
rs2476601,PTPN22,7e-06,,,1.62,,
rs2476601,PTPN22,2e-173,,,,,
rs2476601,PTPN22,2e-15,,,,0.0813823,
rs2476601,PTPN22,2e-12,,,,0.12,
rs2476601,PTPN22,3e-12,,,,0.061466765,
rs2476601,PTPN22,3.0000000000000004e-08,,,,0.018798,
rs2476601,PTPN22,8e-24,,,,0.1008731,
rs2476601,PTPN22,1e-19,,,,0.0904917,
rs2476601,PTPN22,4e-10,,,,0.04,
rs2476601,PTPN22,2e-21,,,,0.05637879,
rs2476601,PTPN22,2.9999999999999997e-67,,,,0.052755,
rs2476601,PTPN22,1e-29,,,,0.2188,
rs2476601,PTPN22,3.0000000000000002e-18,,,,0.07584,
rs2476601,PTPN22,1e-11,,,1.39585,,
rs2476601,PTPN22,2e-149,,,,0.59584,
rs2476601,PTPN22,0.0,,,,0.29,
rs2476601,PTPN22,5e-12,,,,0.07941,
rs2476601,PTPN22,1e-63,,,,,
rs2476601,PTPN22,2e-24,,,,0.0964556,
rs2476601,PTPN22,2e-160,,,1.44,,
rs2476601,PTPN22,9e-62,,,1.5935,,
rs2476601,PTPN22,3.0000000000000004e-08,,,,,
rs2476601,PTPN22,8e-61,,,,0.059990816,
rs2476601,PTPN22,3.0000000000000002e-15,,,,,
rs2476601,PTPN22,2e-165,,,,0.4164325,
rs2476601,PTPN22,1e-67,,,,0.054421,
rs2476601,PTPN22,1e-10,,,,0.0501823,
rs2476601,PTPN22,5e-16,,,1.529,,
rs2476601,PTPN22,1e-06,,,1.46,,
rs2476601,PTPN22,8e-11,,,1.58,,
rs2476601,PTPN22,2e-11,,,,0.07218,
rs2476601,PTPN22,6.000000000000001e-13,,,,0.3856,
rs2476601,PTPN22,3.0000000000000003e-13,,,,0.0590221,
rs2476601,PTPN22,8e-13,,,1.39,,
rs2476601,PTPN22,5e-27,,,1.3637,,
rs2476601,PTPN22,3e-12,,,,,
rs2476601,PTPN22,3e-10,,,,0.1180737,
rs2476601,PTPN22,8e-67,,,,0.14,
rs2476601,PTPN22,2e-126,,,1.82,,
rs2476601,PTPN22,2e-34,,,,0.048,
rs2476601,PTPN22,4e-17,,,,,
rs2476601,PTPN22,3e-58,,,,0.2387,
rs2476601,PTPN22,5.000000000000001e-15,,,,0.2961,
rs2476601,PTPN22,3e-52,,,,0.04789794,
rs2476601,PTPN22,6e-33,,,,0.038024,
rs2476601,PTPN22,3e-16,,,,0.0902131,
rs2476601,PTPN22,9e-14,,,,0.04081,
rs2476601,PTPN22,2e-17,,,,0.06535,
rs2476601,PTPN22,3e-169,,,,0.414,
rs2476601,PTPN22,4e-13,,,,0.0674287,
rs2476601,PTPN22,9e-08,,,1.34,,
rs2476601,PTPN22,1e-50,,,,0.4287,
rs2476601,PTPN22,5e-14,,,,0.0778386,
rs2476601,PTPN22,1e-11,,,,0.04677432,
rs2476601,PTPN22,2e-33,,,,0.263,
rs2476601,PTPN22,7e-27,,,,0.1043,
rs2476601,PTPN22,7.000000000000001e-09,,,1.32,,
rs2476601,PTPN22,2e-28,,,1.3333333,,
rs2476601,PTPN22,4e-14,,,,0.0686928,
rs2476601,PTPN22,9e-74,,,1.94,,
rs2476601,PTPN22,6.0000000000000005e-15,,,,0.198,
rs2476601,PTPN22,6e-17,,,1.74,,
rs2476601,PTPN22,3.0000000000000004e-09,,,,0.036,
rs2476601,PTPN22,1e-28,,,1.43,,
rs2476601,PTPN22,3.0000000000000004e-43,,,1.38944,,
rs2476601,PTPN22,2e-11,,,,0.0658386,
rs2476601,PTPN22,6e-34,,,,0.3076,
rs2476601,PTPN22,6e-119,,,,,
rs2476601,PTPN22,7e-14,,,,0.067545116,
rs2476601,PTPN22,2.9999999999999997e-20,,,,0.05207,
rs2476601,PTPN22,8e-77,,,1.7845,,
rs2476601,PTPN22,1e-100,,,1.89,,
rs2476601,PTPN22,2e-08,,,1.0325,,
rs2476601,PTPN22,2e-31,,,1.2722646,,
rs2476601,PTPN22,3e-38,,,,0.0459,
rs2476601,PTPN22,1e-47,,,,,
rs2476601,PTPN22,2.9999999999999997e-198,,,,0.3751282,
rs2476601,PTPN22,4e-14,,,,0.07547117,
rs2476601,PTPN22,6.999999999999999e-21,,,,0.04726,
rs2476601,PTPN22,3e-19,,,,0.07806953,
rs2476601,PTPN22,5e-174,,,0.5535518,,
rs2476601,PTPN22,6.000000000000001e-13,,,,0.0427885,
rs2476601,PTPN22,2e-49,,,,0.053824365,
rs2476601,PTPN22,9.000000000000001e-09,,,,0.0192738,
rs2476601,PTPN22,1e-24,,,1.42,,
rs2476601,PTPN22,5e-13,,,,0.04275984,
rs2476601,PTPN22,5.999999999999999e-21,,,1.28,,
rs2476601,PTPN22,9e-14,,,,0.066516444,
rs2476601,PTPN22,1e-14,,,,0.0802996,
rs2476601,PTPN22,5e-18,,,,0.0338,
rs2476601,PTPN22,1e-91,,,2.004,,
rs2476601,PTPN22,5e-13,,,,0.04269255,
rs2476601,PTPN22,1e-18,,,1.383,,
rs2476601,PTPN22,4e-98,,,,0.344,
rs2476601,PTPN22,1e-160,,,1.59,,
rs2476601,PTPN22,5.999999999999999e-49,,,,0.0575,
rs2476601,PTPN22,2e-103,,,,,
rs2476601,PTPN22,4e-13,,,,0.04291787,
rs2476601,PTPN22,1e-86,,,,,
rs2476601,PTPN22,5e-85,,,,0.2163,
rs2476601,PTPN22,3e-27,,,1.29,,
rs2476601,PTPN22,4e-21,,,,0.0940705,
rs2476601,PTPN22,1e-22,,,,0.0803683,
rs2476601,PTPN22,5e-32,,,,0.2232,
rs2476601,PTPN22,1e-25,,,,0.0908023,
rs2476601,PTPN22,7.000000000000001e-09,,,,0.11062864,
rs2476601,PTPN22,1e-18,,,,0.077125885,
rs2476601,PTPN22,3e-14,,,,0.4627,
rs2476601,PTPN22,1e-22,,,1.63,,
rs2476601,PTPN22,4e-16,,,1.55,,
rs7903146,TCF7L2,8e-12,,,1.54,,
rs7903146,TCF7L2,2e-51,,,1.4,,
rs7903146,TCF7L2,3e-23,,,1.37,,
rs7903146,TCF7L2,2e-15,,,1.46,,
rs7903146,TCF7L2,1e-35,,,1.51,,
rs7903146,TCF7L2,1e-07,,,,0.05,
rs7903146,TCF7L2,5e-08,,,1.71,,
rs7903146,TCF7L2,7e-07,,,1.33,,
rs7903146,TCF7L2,1e-48,,,1.37,,
rs7903146,TCF7L2,1e-08,,,1.34,,
rs7903146,TCF7L2,1e-30,,,1.48,,
rs7903146,TCF7L2,9e-75,,,1.19,,
rs7903146,TCF7L2,2e-38,,,1.15,,
rs7903146,TCF7L2,3e-35,,,1.15,,
rs7903146,TCF7L2,6e-22,,,1.3,,
rs7903146,TCF7L2,3e-19,,,1.44,,
rs7903146,TCF7L2,4e-21,,,1.26,,
rs7903146,TCF7L2,2e-40,,,1.58,,
rs7903146,TCF7L2,9.000000000000001e-30,,,1.49,,
rs7903146,TCF7L2,6e-16,,,1.31,,
rs7903146,TCF7L2,2e-10,,,1.38,,
rs7903146,TCF7L2,2e-15,,,1.48,,
rs7903146,TCF7L2,3e-06,,,,0.0007362,
rs7903146,TCF7L2,4e-94,,,1.36,,
rs7903146,TCF7L2,4.999999999999999e-44,,,1.33,,
rs7903146,TCF7L2,8e-75,,,1.4,,
rs7903146,TCF7L2,2e-34,,,1.65,,
rs7903146,TCF7L2,2e-14,,,,0.0024,
rs7903146,TCF7L2,1e-14,,,1.37,,
rs7903146,TCF7L2,2e-20,,,,,
rs7903146,TCF7L2,1e-12,,,,0.024,
rs7903146,TCF7L2,1e-11,,,,0.023,
rs7903146,TCF7L2,4e-11,,,,0.029,
rs7903146,TCF7L2,4e-73,,,1.39,,
rs7903146,TCF7L2,5.9999999999999996e-92,,,1.39,,
rs7903146,TCF7L2,1e-139,,,1.39,,
rs7903146,TCF7L2,3e-11,,,,0.07749,
rs7903146,TCF7L2,7e-72,,,,0.2694,
rs7903146,TCF7L2,1e-45,,,,0.03697,
rs7903146,TCF7L2,3e-07,,,,0.0185,
rs7903146,TCF7L2,9.000000000000001e-15,,,1.559,,
rs7903146,TCF7L2,7e-92,,,,0.1077,
rs7903146,TCF7L2,2.9999999999999996e-60,,,,0.05567,
rs7903146,TCF7L2,6.999999999999999e-11,,,,0.017926,
rs7903146,TCF7L2,4e-25,,,,0.02886,
rs7903146,TCF7L2,3e-11,,,1.66,,
rs7903146,TCF7L2,8e-10,,,,6.136682,
rs7903146,TCF7L2,7e-203,,,,0.2036,
rs7903146,TCF7L2,4e-20,,,1.182,,
rs7903146,TCF7L2,1e-22,,,,0.0133,
rs7903146,TCF7L2,3e-27,,,,0.2533,
rs7903146,TCF7L2,1e-74,,,,0.09157,
rs7903146,TCF7L2,3.0000000000000003e-128,,,,0.06238,
rs7903146,TCF7L2,1e-18,,,,0.04998,
rs7903146,TCF7L2,6e-12,,,,0.03331,
rs7903146,TCF7L2,4e-08,,,,,
rs7903146,TCF7L2,6.000000000000001e-09,,,,,
rs7903146,TCF7L2,6e-10,,,,0.0263,
rs7903146,TCF7L2,9e-22,,,,0.0463,
rs7903146,TCF7L2,2e-26,,,,0.07,
rs7903146,TCF7L2,3e-14,,,,0.0462,
rs7903146,TCF7L2,2.9999999999999998e-120,,,,0.1137,
rs7903146,TCF7L2,1e-18,,,,0.06852,
rs7903146,TCF7L2,1e-22,,,,0.0547,
rs7903146,TCF7L2,4e-09,,,,0.0451858,
rs7903146,TCF7L2,4.9999999999999997e-23,,,,0.01765,
rs7903146,TCF7L2,5e-14,,,,0.02877,
rs7903146,TCF7L2,2e-48,,,,0.1953,
rs7903146,TCF7L2,3.0000000000000003e-13,,,,0.09309,
rs7903146,TCF7L2,1e-13,,,,0.0230131,
rs7903146,TCF7L2,3e-23,,,,0.05652,
rs7903146,TCF7L2,4e-40,,,,0.08863,
rs7903146,TCF7L2,9e-48,,,,0.1084,
rs7903146,TCF7L2,4e-46,,,,0.08214,
rs7903146,TCF7L2,2e-19,,,,0.2169,
rs7903146,TCF7L2,6.0000000000000005e-15,,,,0.03911,
rs7903146,TCF7L2,1e-77,,,,,
rs7903146,TCF7L2,0.0,,,1.33,,
rs7903146,TCF7L2,0.0,,,,0.28,
rs7903146,TCF7L2,4e-09,,,,0.0219,
rs7903146,TCF7L2,3.0000000000000004e-08,,,,0.0289,
rs7903146,TCF7L2,6e-175,,,,0.3169,
rs7903146,TCF7L2,1e-11,,,,0.01821,
rs7903146,TCF7L2,1e-09,,,,0.0116,
rs7903146,TCF7L2,7e-48,,,,0.228,
rs7903146,TCF7L2,1e-10,,,,0.01,
rs7903146,TCF7L2,4e-68,,,,0.1348,
rs7903146,TCF7L2,5e-20,,,,0.2369,
rs7903146,TCF7L2,9.000000000000001e-15,,,,0.01946,
rs7903146,TCF7L2,1e-17,,,,0.08709,
rs7903146,TCF7L2,5.999999999999999e-24,,,,,
rs7903146,TCF7L2,3.0000000000000002e-15,,,,0.07228,
rs7903146,TCF7L2,7e-06,,,,0.105,
rs7903146,TCF7L2,7e-08,,,,0.0298,
rs7903146,TCF7L2,3e-06,,,,0.0239,
rs7903146,TCF7L2,2e-11,,,,0.0264,
rs7903146,TCF7L2,1e-11,,,,,
rs7903146,TCF7L2,3e-12,,,,0.02,
rs7903146,TCF7L2,6.0000000000000004e-18,,,1.345,,
rs7903146,TCF7L2,6e-32,,,,0.03383,
rs7903146,TCF7L2,2e-15,,,,0.02154,
rs7903146,TCF7L2,2e-13,,,,0.1759,
rs7903146,TCF7L2,4e-17,,,,0.02203,
rs7903146,TCF7L2,6.000000000000001e-13,,,,0.05553,
rs7903146,TCF7L2,1e-302,,,,0.2521,
rs7903146,TCF7L2,4e-16,,,1.22,,
rs7903146,TCF7L2,2e-19,,,,0.18,
rs7903146,TCF7L2,6.999999999999999e-77,,,,,
rs7903146,TCF7L2,2e-23,,,,0.0178,
rs7903146,TCF7L2,1e-27,,,,0.2005,
rs7903146,TCF7L2,3.0000000000000002e-18,,,,0.08896,
rs7903146,TCF7L2,2e-13,,,,0.1328,
rs7903146,TCF7L2,7e-07,,,,0.1217,
rs7903146,TCF7L2,2e-14,,,,0.05552,
rs7903146,TCF7L2,4e-11,,,,0.0179,
rs7903146,TCF7L2,1e-76,,,,0.2019,
rs7903146,TCF7L2,9e-13,,,,0.02,
rs7903146,TCF7L2,4e-20,,,,0.0242,
rs7903146,TCF7L2,3e-22,,,,0.1691,
rs7903146,TCF7L2,3.0000000000000003e-13,,,,0.021989034,
rs7903146,TCF7L2,9.000000000000001e-101,,,,0.05042,
rs7903146,TCF7L2,2e-60,,,,0.05615,
rs7903146,TCF7L2,3e-54,,,,0.2436,
rs7903146,TCF7L2,4.9999999999999994e-36,,,,0.03356,
rs7903146,TCF7L2,2e-57,,,,,
rs7903146,TCF7L2,1e-12,,,,0.1874,
rs7903146,TCF7L2,5e-115,,,,0.1205,
rs7903146,TCF7L2,1e-28,,,,0.2654,
rs7903146,TCF7L2,1e-18,,,,0.028,
rs7903146,TCF7L2,9e-12,,,,0.056,
rs7903146,TCF7L2,3e-17,,,1.221,,
rs7903146,TCF7L2,4e-16,,,,0.1711,
rs7903146,TCF7L2,3e-19,,,,0.227926,
rs7903146,TCF7L2,5e-19,,,,0.02418,
rs7903146,TCF7L2,1e-06,,,,0.020616,
rs7903146,TCF7L2,2e-17,,,,0.04072,
rs7903146,TCF7L2,7e-28,,,1.22,,
rs7903146,TCF7L2,3e-11,,,,0.03792,
rs7903146,TCF7L2,7e-20,,,,0.02,
rs7903146,TCF7L2,3e-203,,,,,
rs7903146,TCF7L2,1e-33,,,,0.03264,
rs7903146,TCF7L2,2e-18,,,,0.0437,
rs7903146,TCF7L2,2e-56,,,,0.005080384,
rs7903146,TCF7L2,2e-22,,,,0.05552,
rs7903146,TCF7L2,3e-271,,,,0.2823,
rs7903146,TCF7L2,2e-35,,,,0.187,
rs7903146,TCF7L2,7e-17,,,,,
rs7903146,TCF7L2,6e-259,,,,0.2815,
rs7903146,TCF7L2,5e-07,,,1.13,,
rs7903146,TCF7L2,3e-62,,,,0.1158,
rs7903146,TCF7L2,8e-54,,,,0.03915,
rs7903146,TCF7L2,1e-13,,,,0.09898,
rs7903146,TCF7L2,2e-34,,,,0.0823,
rs7903146,TCF7L2,8e-65,,,,0.2088,
rs7903146,TCF7L2,8e-13,,,,0.0376,
rs7903146,TCF7L2,2e-18,,,,0.02425,
rs7903146,TCF7L2,2e-43,,,,0.03734,
rs7903146,TCF7L2,8e-20,,,1.58,,
rs7903146,TCF7L2,8e-128,,,,0.2085,
rs7903146,TCF7L2,2e-08,,,,0.0288,
rs7903146,TCF7L2,0.0,,,,0.4027,
rs7903146,TCF7L2,6e-12,,,,0.04345,
rs7903146,TCF7L2,6.999999999999999e-19,,,,0.04326,
rs7903146,TCF7L2,4e-11,,,,0.1277,
rs7903146,TCF7L2,1e-14,,,,0.04393,
rs7903146,TCF7L2,9e-08,,,,0.0599,
rs7903146,TCF7L2,3.0000000000000002e-18,,,,0.1283,
rs7903146,TCF7L2,5.999999999999999e-47,,,,0.2184,
rs7903146,TCF7L2,5e-20,,,,0.02664,
rs7903146,TCF7L2,3e-11,,,,0.09583,
rs7903146,TCF7L2,8e-236,,,,0.1993,
rs7903146,TCF7L2,8e-234,,,,0.06538604,
rs7903146,TCF7L2,6e-19,,,,0.02,
rs7903146,TCF7L2,4e-114,,,,0.121,
rs7903146,TCF7L2,5e-52,,,,0.05204,
rs7903146,TCF7L2,2e-12,,,,0.1557,
rs7903146,TCF7L2,1e-53,,,,0.04945,
rs7903146,TCF7L2,1e-97,,,,0.04885891,
rs7903146,TCF7L2,4e-23,,,,0.0562,
rs7903146,TCF7L2,8e-59,,,,0.2641,
rs7903146,TCF7L2,3e-11,,,,0.02885,
rs7903146,TCF7L2,4e-18,,,,0.04173,
rs7903146,TCF7L2,7.000000000000001e-10,,,,,
rs7903146,TCF7L2,1e-23,,,,0.02941,
rs7903146,TCF7L2,2e-09,,,0.98,,
rs7903146,TCF7L2,1e-09,,,1.53,,
rs7903146,TCF7L2,3e-52,,,,0.04068,
rs7903146,TCF7L2,8e-53,,,,0.05312,
rs7903146,TCF7L2,9e-13,,,,0.02501,
rs7903146,TCF7L2,1e-65,,,,0.196,
rs7903146,TCF7L2,4e-13,,,,0.03597,
rs7903146,TCF7L2,4e-14,,,,0.02092,
rs7903146,TCF7L2,2e-66,,,,0.0252,
rs7903146,TCF7L2,2e-21,,,,,
rs7903146,TCF7L2,4e-11,,,,0.01661,
rs7903146,TCF7L2,6e-16,,,1.417,,
rs7903146,TCF7L2,1e-21,,,,0.0181,
rs7903146,TCF7L2,3e-11,,,,0.02141,
rs7903146,TCF7L2,0.0,,,,,
rs7903146,TCF7L2,2e-18,,,,0.02,
rs7903146,TCF7L2,1e-41,,,1.34,,
rs7903146,TCF7L2,9e-12,,,,0.03199,
rs7903146,TCF7L2,0.0,,,1.37,,
rs7903146,TCF7L2,3e-26,,,,0.0854,
rs7903146,TCF7L2,1e-09,,,,0.0212,
rs7903146,TCF7L2,2e-17,,,,0.04104,
rs7903146,TCF7L2,2.9999999999999996e-39,,,,0.2141,
rs7903146,TCF7L2,5.999999999999999e-20,,,,0.02,
rs7903146,TCF7L2,2e-56,,,,0.0051,
rs7903146,TCF7L2,2.9999999999999996e-24,,,,0.02521,
rs7903146,TCF7L2,2e-09,,,,,
rs7903146,TCF7L2,2e-07,,,,,
rs7903146,TCF7L2,3.0000000000000003e-13,,,,0.0198,
rs7903146,TCF7L2,5e-13,,,1.32,,
rs7903146,TCF7L2,2.9999999999999996e-60,,,,0.04515,
rs7903146,TCF7L2,1e-110,,,,0.1078,
rs7903146,TCF7L2,5.9999999999999996e-36,,,,0.09375,
rs7903146,TCF7L2,2e-17,,,1.366,,
rs7903146,TCF7L2,1e-14,,,,0.05823,
rs7903146,TCF7L2,4e-10,,,,0.2209,
rs7903146,TCF7L2,1e-19,,,,0.02362,
rs7903146,TCF7L2,6.0000000000000005e-15,,,,0.02,
rs7903146,TCF7L2,2e-21,,,,0.1095,
rs7903146,TCF7L2,3e-41,,,,0.03755,
rs7903146,TCF7L2,1e-140,,,,0.2386,
rs7903146,TCF7L2,5e-13,,,,0.01939,
rs7903146,TCF7L2,1e-23,,,,0.1053,
rs7903146,TCF7L2,0.0,,,,0.3059,
rs7903146,TCF7L2,1e-14,,,,0.1668,
rs7903146,TCF7L2,6.000000000000001e-13,,,,0.0556,
rs7903146,TCF7L2,7e-15,,,,0.0369,
rs7903146,TCF7L2,6e-50,,,,0.03942,
rs7903146,TCF7L2,1e-06,,,,0.03582819,
rs7903146,TCF7L2,1e-33,,,,0.03128,
rs7903146,TCF7L2,2e-20,,,,0.02,
rs7903146,TCF7L2,1e-25,,,,0.02994,
rs7903146,TCF7L2,1e-14,,,,0.06061,
rs7903146,TCF7L2,8e-12,,,,0.0518,
rs7903146,TCF7L2,6.0000000000000005e-31,,,,0.03212,
rs7903146,TCF7L2,2e-10,,,,0.0486,
rs7903146,TCF7L2,3e-10,,,1.402,,
rs7903146,TCF7L2,1e-13,,,,0.136,
rs7903146,TCF7L2,1e-07,,,,0.0195,
rs7903146,TCF7L2,1e-07,,,,0.0273,
rs7903146,TCF7L2,9e-46,,,,0.1052,
rs7903146,TCF7L2,2.9999999999999995e-21,,,,0.08323,
rs7903146,TCF7L2,3e-17,,,,0.1873,
rs7903146,TCF7L2,9.000000000000001e-18,,,,0.03375,
rs7903146,TCF7L2,6.000000000000001e-13,,,,0.01905,
rs7903146,TCF7L2,2e-09,,,,0.0391263,
rs7903146,TCF7L2,1e-17,,,,0.04008,
rs7903146,TCF7L2,2e-34,,,,0.1928,
rs7903146,TCF7L2,5.999999999999999e-60,,,,0.226,
rs7903146,TCF7L2,1e-08,,,,0.92,
rs7903146,TCF7L2,1e-139,,,,0.2378,
rs7903146,TCF7L2,7e-45,,,1.4,,
rs7903146,TCF7L2,5e-16,,,,0.1054,
rs7903146,TCF7L2,7e-18,,,,,
rs7903146,TCF7L2,8e-29,,,,0.07055,
rs7903146,TCF7L2,7e-68,,,,0.2546,
rs7903146,TCF7L2,3.0000000000000003e-30,,,,0.04372,
rs7903146,TCF7L2,6e-53,,,,0.03934,
rs7903146,TCF7L2,4e-98,,,,0.2159,
rs7903146,TCF7L2,1e-06,,,,0.0214,
rs7903146,TCF7L2,2e-17,,,,0.09099,
rs7903146,TCF7L2,1e-31,,,,0.02994,
rs7903146,TCF7L2,1e-18,,,,0.02398,
rs7903146,TCF7L2,6e-19,,,,0.04552,
rs7903146,TCF7L2,5e-08,,,,0.0315,
rs7903146,TCF7L2,5e-10,,,,0.0243,
rs7903146,TCF7L2,2e-23,,,,0.0178,
rs7903146,TCF7L2,9e-12,,,,0.2316,
rs7903146,TCF7L2,1e-15,,,,0.03939,
rs7903146,TCF7L2,2e-12,,,,0.05,
rs7903146,TCF7L2,9e-11,,,,0.021695,
rs7903146,TCF7L2,2e-12,,,,0.02601,
rs7903146,TCF7L2,2e-25,,,,0.07554,
rs7903146,TCF7L2,2.9999999999999997e-67,,,,0.2655,
rs7903146,TCF7L2,4.9999999999999995e-11,,,,,
rs7903146,TCF7L2,3e-10,,,,0.0309,
rs7903146,TCF7L2,8.999999999999999e-20,,,,0.02,
rs7903146,TCF7L2,6e-17,,,,0.02516,
rs7903146,TCF7L2,5e-90,,,,0.05,
rs7903146,TCF7L2,2e-35,,,,0.0259,
rs7903146,TCF7L2,3.0000000000000002e-15,,,,0.1516,
rs7903146,TCF7L2,7e-14,,,,0.03456,
rs7903146,TCF7L2,1e-11,,,1.36,,
rs7903146,TCF7L2,4e-34,,,,0.251,
rs7903146,TCF7L2,9e-14,,,,0.1004,
rs7903146,TCF7L2,1e-17,,,,0.02404,
rs7903146,TCF7L2,4e-17,,,,0.2048,
rs7903146,TCF7L2,2e-50,,,,0.0374,
rs7903146,TCF7L2,3e-41,,,,0.1065,
rs7903146,TCF7L2,2e-64,,,,0.2602,
rs7903146,TCF7L2,3e-23,,,,0.1981,
rs7903146,TCF7L2,1.9999999999999999e-184,,,,0.3286,
rs7903146,TCF7L2,1e-219,,,,0.301,
rs7903146,TCF7L2,1e-39,,,,0.2583,
rs7903146,TCF7L2,1e-15,,,,0.09917,
rs7903146,TCF7L2,5e-33,,,1.3,,
rs7903146,TCF7L2,3e-19,,,,0.1911,
rs7903146,TCF7L2,2e-30,,,,0.07076007,
rs7903146,TCF7L2,2e-12,,,,0.03621,
rs7903146,TCF7L2,7e-14,,,,0.03574,
rs7903146,TCF7L2,3e-11,,,,0.0148024,
rs7903146,TCF7L2,2e-11,,,,0.01812,
rs7903146,TCF7L2,3e-17,,,,0.04237,
rs7903146,TCF7L2,9.000000000000001e-17,,,,0.2209,
rs7903146,TCF7L2,2e-11,,,,0.1487,
rs7903146,TCF7L2,2e-16,,,1.31,,
rs7903146,TCF7L2,2e-11,,,,0.1076,
rs7903146,TCF7L2,4e-21,,,,0.0179,
rs7903146,TCF7L2,4e-11,,,1.06,,
rs7903146,TCF7L2,2e-26,,,,0.02935,
rs7903146,TCF7L2,2e-45,,,,0.04653,
rs7903146,TCF7L2,3.0000000000000003e-13,,,,0.0075,
rs7903146,TCF7L2,8e-44,,,,0.1034,
rs7903146,TCF7L2,7e-13,,,,0.05212,
rs7903146,TCF7L2,1e-24,,,,0.03152,
rs7903146,TCF7L2,2e-43,,,,0.1028,
rs7903146,TCF7L2,2e-17,,,,0.2405,
rs7903146,TCF7L2,2e-15,,,,,
rs7903146,TCF7L2,4e-19,,,,,
rs7903146,TCF7L2,2e-12,,,,0.0515,
rs7903146,TCF7L2,4e-16,,,,0.04078,
rs7903146,TCF7L2,2e-84,,,,0.2035,
rs7903146,TCF7L2,4e-145,,,,0.32730255,
rs7903146,TCF7L2,1e-11,,,,0.1042,
rs7903146,TCF7L2,8e-08,,,,0.05717657,
rs7903146,TCF7L2,6e-68,,,,0.2277,
rs7903146,TCF7L2,3e-11,,,,0.03484,
rs7903146,TCF7L2,7e-14,,,,0.07719,
rs7903146,TCF7L2,9e-19,,,,0.02,
rs7903146,TCF7L2,3e-14,,,,0.021,
rs7903146,TCF7L2,4e-65,,,,0.08482,
rs7903146,TCF7L2,2e-77,,,,,
rs7903146,TCF7L2,5e-32,,,,0.0336,
rs7903146,TCF7L2,2e-46,,,,0.2162,
rs7903146,TCF7L2,4e-58,,,,0.09281,
rs7903146,TCF7L2,5e-10,,,1.06,,
rs7903146,TCF7L2,6e-14,,,,0.0233495,
rs7903146,TCF7L2,2e-12,,,,0.05243,
rs7903146,TCF7L2,3e-26,,,,0.02795,
rs7903146,TCF7L2,2e-22,,,,0.226,
rs7903146,TCF7L2,3e-19,,,,0.02733,
rs7903146,TCF7L2,2e-17,,,,0.02,
rs7903146,TCF7L2,4e-08,,,,0.0481,
rs7903146,TCF7L2,7.000000000000001e-10,,,,0.0264,
rs7903146,TCF7L2,7.000000000000001e-09,,,,0.0341,
rs7903146,TCF7L2,2e-31,,,,,
rs7903146,TCF7L2,6.000000000000001e-09,,,1.031,,
rs689,INS,5e-196,,,,,
rs689,INS,5e-12,,,,1.031,
rs689,INS,1e-06,,,2.44,,
rs689,INS,3e-152,,,0.56,,
rs689,INS,2e-39,,,,0.62,
rs689,INS,2e-45,,,,0.59,
rs689,INS,6e-07,,,,0.14,
rs689,INS,5.0000000000000005e-17,,,,0.019722713,
rs689,INS,1e-18,,,1.473,,
rs689,INS,8e-06,,,,0.92,
rs689,INS,1e-100,,,2.3809524,,
rs689,INS,1e-160,,,2.21,,
rs689,INS,3e-28,,,,0.37,
rs2292239,ERBB3,2e-20,,,1.28,,
rs2292239,ERBB3,3e-16,,,,,
rs2292239,ERBB3,2e-25,,,,,
rs2292239,ERBB3,3e-27,,,1.3,,
rs2292239,ERBB3,2e-28,,,,0.00915,
rs2292239,ERBB3,3.0000000000000004e-08,,,,0.0121,
rs2292239,ERBB3,4e-09,,,1.25,,
