patient_id,sex,ethnicity,age_at_diagnosis_days,bmi,family_history
P0000,F,EUR,4052,23.0,0
P0001,M,AFR,22514,25.3,0
P0002,F,AFR,22316,21.7,0
P0003,M,EUR,26976,34.3,0
P0004,F,EUR,11154,34.6,0
P0005,M,EAS,17699,21.1,1
P0006,F,AFR,4977,37.3,0
P0007,F,AFR,22777,20.4,1
P0008,M,SAS,8228,29.1,1
P0009,M,EUR,14747,27.0,0
P0010,F,EAS,16843,31.2,1
P0011,F,AFR,26775,31.2,1
P0012,M,AFR,14518,25.5,1
P0013,F,EAS,1179,24.3,0
P0014,F,AFR,10745,21.1,1
P0015,M,EUR,24539,34.0,0
P0016,F,SAS,4816,38.2,0
P0017,F,EUR,6324,32.3,0
P0018,F,EAS,12006,19.5,0
P0019,M,AFR,11924,36.5,0
P0020,M,EUR,11418,23.2,1
P0021,F,SAS,26146,36.4,0
P0022,M,AFR,5027,23.0,0
P0023,M,EAS,23861,34.4,1
P0024,F,EUR,4577,31.3,0
P0025,M,SAS,17285,37.0,1
P0026,F,EAS,28222,28.6,0
P0027,M,SAS,13591,18.7,0
P0028,M,AFR,13316,30.7,1
P0029,F,EUR,22724,24.9,0
P0030,M,EAS,5122,22.8,1
P0031,M,EUR,17715,39.5,0
P0032,M,SAS,20450,36.9,0
P0033,M,SAS,23453,24.6,1
P0034,M,AFR,27203,27.4,1
P0035,M,AFR,2444,28.3,0
P0036,M,EUR,25226,36.4,0
P0037,F,EUR,5855,28.0,1
P0038,F,SAS,5597,26.8,1
P0039,M,EAS,22765,25.4,0
P0040,M,EAS,13452,24.0,0
P0041,F,AFR,20200,35.6,0
P0042,F,SAS,20211,32.5,0
P0043,M,EAS,22703,23.1,0
P0044,M,EUR,8884,20.3,0
P0045,M,EAS,7583,32.4,0
P0046,F,AFR,8335,23.3,1
P0047,F,SAS,15514,36.3,1
P0048,F,EUR,23361,26.9,0
P0049,F,AFR,6515,31.9,0
