age_at_diagnosis_days,bmi,family_history,rs1800623__score,rs2187668__score,rs2292239__score,rs2476601__score,rs3087243__score,rs689__score,rs7903146__score,rs9272346__score,rs1800623__zscore,rs2187668__zscore,rs2292239__zscore,rs2476601__zscore,rs3087243__zscore,rs689__zscore,rs7903146__zscore,rs9272346__zscore,sex,ethnicity_EUR,ethnicity_AFR,ethnicity_EAS
4052,23.0,0,0.416,0.0204,0.0277,0.0237,0.0236,0.0204,0.0242,0.0265,-0.4695,0.4967,0.5426,1.523,0.6477,-0.2341,-0.2342,-0.1383,0,1,0,0
22514,25.3,0,0.1109,0.0204,0.0277,0.0237,0.0236,0.0204,0.0242,0.0265,1.4656,-0.4634,-0.2258,-1.9133,0.242,-0.5623,-1.7249,-0.4657,1,0,1,0
22316,21.7,0,0.1983,0.0204,0.0277,0.0237,0.0236,0.0204,0.0242,0.0265,-0.0135,0.0675,-1.0577,0.1109,-0.5444,0.3757,-1.151,-1.4247,0,0,1,0
26976,34.3,0,0.3579,0.0204,0.0277,0.0237,0.0236,0.0204,0.0242,0.0265,-0.1156,0.8225,-0.3011,-1.9597,0.2089,0.1969,-1.3282,-1.2208,1,1,0,0
11154,34.6,0,0.3533,0.0204,0.0277,0.0237,0.0236,0.0204,0.0242,0.0265,-0.6769,-1.4785,0.6117,1.0571,-0.4606,-1.763,0.3436,-0.7198,0,1,0,0
17699,21.1,1,0.2077,0.0204,0.0277,0.0237,0.0236,0.0204,0.0242,0.0265,0.8125,1.031,1.3562,-0.3092,-0.8392,0.9755,0.3313,0.9313,1,0,0,1
4977,37.3,0,0.1536,0.0204,0.0277,0.0237,0.0236,0.0204,0.0242,0.0265,0.087,-0.072,-0.299,-0.6451,0.3616,1.538,0.3614,1.0035,0,0,1,0
22777,20.4,1,0.1839,0.0204,0.0277,0.0237,0.0236,0.0204,0.0242,0.0265,0.9154,0.0918,0.3288,0.3571,-0.2197,-0.5183,1.4779,-1.9876,0,0,1,0
8228,29.1,1,0.3585,0.0204,0.0277,0.0237,0.0236,0.0204,0.0242,0.0265,0.0051,-0.5298,-0.2346,0.9686,0.0971,-0.3277,-0.7021,0.5133,1,0,0,0
14747,27.0,0,0.5202,0.0204,0.0277,0.0237,0.0236,0.0204,0.0242,0.0265,-1.9188,-1.4154,-0.0265,-0.8023,-0.3427,0.4041,-0.1613,-0.4206,1,1,0,0
16843,31.2,1,0.3582,0.0204,0.0277,0.0237,0.0236,0.0204,0.0242,0.0265,1.4028,0.0602,-1.4019,0.3015,-0.1924,-1.1687,-0.0347,2.4632,0,0,0,1
26775,31.2,1,0.0694,0.0204,0.0277,0.0237,0.0236,0.0204,0.0242,0.0265,-0.9194,0.5869,1.5499,-0.5663,-0.9905,-0.5035,0.0997,2.1905,0,0,1,0
14518,25.5,1,0.0617,0.0204,0.0277,0.0237,0.0236,0.0204,0.0242,0.0265,0.2599,-0.7833,0.7818,-1.2309,0.8135,1.3071,0.2275,-0.3221,1,0,1,0
1179,24.3,0,0.1526,0.0204,0.0277,0.0237,0.0236,0.0204,0.0242,0.0265,0.2931,-1.237,-0.7144,0.297,0.5219,0.3464,0.2505,-1.3205,0,0,0,1
10745,21.1,1,0.5403,0.0204,0.0277,0.0237,0.0236,0.0204,0.0242,0.0265,0.8221,1.8658,1.8968,0.6566,-1.1913,0.7871,-0.9747,0.4738,0,0,1,0
24539,34.0,0,0.2345,0.0204,0.0277,0.0237,0.0236,0.0204,0.0242,0.0265,-0.2647,-0.2454,2.7202,-0.8158,-0.8895,0.3412,-0.0771,-0.7537,1,1,0,0
4816,38.2,0,0.343,0.0204,0.0277,0.0237,0.0236,0.0204,0.0242,0.0265,-0.8468,0.6257,-1.5148,0.4825,-1.0709,0.714,-0.2235,-0.8572,0,0,0,0
6324,32.3,0,0.1327,0.0204,0.0277,0.0237,0.0236,0.0204,0.0242,0.0265,0.0582,-0.4465,-1.143,-1.2457,0.2141,0.3853,0.1732,0.8564,0,1,0,0
12006,19.5,0,0.2924,0.0204,0.0277,0.0237,0.0236,0.0204,0.0242,0.0265,0.515,0.3578,3.8527,1.0538,1.0831,-0.9378,-1.3777,0.5608,0,0,0,1
11924,36.5,0,0.17,0.0204,0.0277,0.0237,0.0236,0.0204,0.0242,0.0265,2.3147,0.5709,-1.8673,0.6514,0.954,0.759,-0.3153,1.1356,1,0,1,0
11418,23.2,1,0.1255,0.0204,0.0277,0.0237,0.0236,0.0204,0.0242,0.0265,0.0456,0.6863,-0.6516,1.089,-0.4719,-1.0777,0.0643,-1.6127,1,1,0,0
26146,36.4,0,0.1594,0.0204,0.0277,0.0237,0.0236,0.0204,0.0242,0.0265,0.505,2.1439,0.8658,0.1865,-2.0251,0.8524,-0.6618,0.6339,0,0,0,0
5027,23.0,0,0.0686,0.0204,0.0277,0.0237,0.0236,0.0204,0.0242,0.0265,2.1222,-1.2003,1.0325,-0.6533,-0.4749,0.405,1.7655,-0.3345,1,0,1,0
23861,34.4,1,0.1391,0.0204,0.0277,0.0237,0.0236,0.0204,0.0242,0.0265,-0.2526,-1.5194,-1.2478,-0.7077,1.2669,0.7746,0.4438,-0.4842,1,0,0,1
4577,31.3,0,0.4387,0.0204,0.0277,0.0237,0.0236,0.0204,0.0242,0.0265,0.1991,1.6324,-0.6002,0.1307,-0.44,-1.4359,1.4413,-1.4301,0,1,0,0
17285,37.0,1,0.0369,0.0204,0.0277,0.0237,0.0236,0.0204,0.0242,0.0265,-0.6227,0.0698,0.885,0.6621,0.1135,-1.2378,1.586,-0.3853,1,0,0,0
28222,28.6,0,0.4503,0.0204,0.0277,0.0237,0.0236,0.0204,0.0242,0.0265,-0.5602,-0.4645,-1.7877,0.952,-0.3555,0.362,1.4526,-0.6222,0,0,0,1
13591,18.7,0,0.2004,0.0204,0.0277,0.0237,0.0236,0.0204,0.0242,0.0265,0.021,-1.2206,-0.2392,1.5529,1.1619,-0.4079,-0.4395,-0.6692,1,0,0,0
13316,30.7,1,0.1312,0.0204,0.0277,0.0237,0.0236,0.0204,0.0242,0.0265,0.7917,0.854,-0.6991,1.9123,-0.6131,-1.792,1.0652,-0.271,1,0,1,0
22724,24.9,0,0.4405,0.0204,0.0277,0.0237,0.0236,0.0204,0.0242,0.0265,-0.5069,-0.0088,0.5591,-0.3091,1.7704,0.6138,0.8038,-2.09,0,1,0,0
5122,22.8,1,0.5,0.0204,0.0277,0.0237,0.0236,0.0204,0.0242,0.0265,-1.0025,0.8725,-0.6823,-0.6642,-0.4774,-2.0371,1.3601,1.1544,1,0,0,1
17715,39.5,0,0.1336,0.0204,0.0277,0.0237,0.0236,0.0204,0.0242,0.0265,0.0126,-0.0482,0.4736,0.4927,0.7709,-1.4456,0.0889,1.2711,1,1,0,0
20450,36.9,0,0.321,0.0204,0.0277,0.0237,0.0236,0.0204,0.0242,0.0265,-0.8083,0.0544,-0.1577,-0.4319,0.4062,1.2004,1.86,2.2758,1,0,0,0
23453,24.6,1,0.5805,0.0204,0.0277,0.0237,0.0236,0.0204,0.0242,0.0265,1.8315,-1.3551,-0.0736,-1.9127,-1.8101,0.5713,0.3625,1.0326,1,0,0,0
27203,27.4,1,0.5065,0.0204,0.0277,0.0237,0.0236,0.0204,0.0242,0.0265,-0.5994,-0.2822,0.2594,0.3409,-1.0973,0.2756,-0.0864,0.2955,1,0,1,0
2444,28.3,0,0.5422,0.0204,0.0277,0.0237,0.0236,0.0204,0.0242,0.0265,1.2777,0.3023,0.2423,-0.313,0.3125,-1.3686,-1.5991,1.5162,1,0,1,0
25226,36.4,0,0.2335,0.0204,0.0277,0.0237,0.0236,0.0204,0.0242,0.0265,1.3686,2.0474,-0.4337,0.17,1.5513,1.0266,1.1532,0.1149,1,1,0,0
5855,28.0,1,0.0152,0.0204,0.0277,0.0237,0.0236,0.0204,0.0242,0.0265,-1.3801,-0.3423,-0.0147,0.8861,1.4443,0.2001,-0.1371,-1.7309,0,1,0,0
5597,26.8,1,0.0697,0.0204,0.0277,0.0237,0.0236,0.0204,0.0242,0.0265,-0.9399,0.7964,0.7474,-0.0062,-1.6647,1.1227,0.4031,-0.2814,0,0,0,0
22765,25.4,0,0.1904,0.0204,0.0277,0.0237,0.0236,0.0204,0.0242,0.0265,-1.0352,-0.2907,0.0575,-0.4467,-0.3194,-0.8155,-0.4757,2.0551,1,0,0,1
13452,24.0,0,0.2147,0.0204,0.0277,0.0237,0.0236,0.0204,0.0242,0.0265,-0.5758,-2.2828,2.3741,0.5146,0.0421,0.8514,1.2046,-0.1019,1,0,0,1
20200,35.6,0,0.4255,0.0204,0.0277,0.0237,0.0236,0.0204,0.0242,0.0265,-0.9555,-0.3107,-0.8105,0.8514,-2.1921,0.0286,-0.9879,-0.6265,0,0,1,0
20211,32.5,0,0.1183,0.0204,0.0277,0.0237,0.0236,0.0204,0.0242,0.0265,0.8816,-0.9045,-0.874,-1.0613,-0.0478,-0.7732,-0.6544,-0.1869,0,0,0,0
22703,23.1,0,0.1193,0.0204,0.0277,0.0237,0.0236,0.0204,0.0242,0.0265,1.9094,-0.0033,0.0277,-0.4405,1.0145,-0.3881,1.582,2.3743,1,0,0,1
8884,20.3,0,0.1993,0.0204,0.0277,0.0237,0.0236,0.0204,0.0242,0.0265,-0.831,0.1274,0.3903,-0.4581,-0.2385,-0.3819,-0.626,-0.3614,1,1,0,0
7583,32.4,0,0.5051,0.0204,0.0277,0.0237,0.0236,0.0204,0.0242,0.0265,0.5434,-0.0849,-0.5646,-0.724,0.2736,0.5283,-0.5326,0.2373,1,0,0,1
8335,23.3,1,0.3925,0.0204,0.0277,0.0237,0.0236,0.0204,0.0242,0.0265,-1.211,-1.002,-0.1486,-0.4586,-2.741,-1.5243,-0.3067,0.2798,0,0,1,0
15514,36.3,1,0.5442,0.0204,0.0277,0.0237,0.0236,0.0204,0.0242,0.0265,-0.203,-0.4075,0.1697,1.1063,0.7603,-0.7233,0.7716,-0.602,0,0,0,0
23361,26.9,0,0.3138,0.0204,0.0277,0.0237,0.0236,0.0204,0.0242,0.0265,-0.421,0.0894,-2.2081,-0.1199,1.5801,-0.5945,0.1137,0.488,0,1,0,0
6515,31.9,0,0.0263,0.0204,0.0277,0.0237,0.0236,0.0204,0.0242,0.0265,1.6764,0.3608,-0.2392,-0.2501,0.9476,-0.6764,1.3011,-0.2702,0,0,1,0
