patient_id,T1D,T2D,LADA,GESTATIONAL_DM,MONOGENIC_DIABETES
P0000,0,1,0,0,0
P0001,0,0,0,0,0
P0002,0,0,0,0,0
P0003,0,0,0,0,0
P0004,0,0,0,0,0
P0005,1,0,0,0,0
P0006,0,0,0,0,0
P0007,0,1,0,0,0
P0008,0,0,0,0,0
P0009,1,1,0,0,0
P0010,0,0,0,0,0
P0011,0,0,0,0,0
P0012,0,0,0,0,0
P0013,0,0,0,0,0
P0014,0,0,0,0,0
P0015,0,0,0,0,0
P0016,0,0,0,1,0
P0017,0,0,0,0,0
P0018,0,0,0,0,0
P0019,0,0,0,0,0
P0020,0,0,0,0,0
P0021,0,0,0,0,0
P0022,0,0,0,1,0
P0023,0,1,0,0,0
P0024,0,0,0,0,0
P0025,0,0,0,0,0
P0026,1,0,0,0,0
P0027,0,0,0,1,0
P0028,0,0,0,0,0
P0029,0,1,1,0,0
P0030,0,0,0,0,0
P0031,0,0,0,0,0
P0032,0,0,0,0,0
P0033,0,1,0,0,0
P0034,0,1,0,1,0
P0035,0,0,0,0,0
P0036,0,1,0,0,0
P0037,0,0,0,0,0
P0038,0,0,0,0,0
P0039,0,1,0,0,0
P0040,1,0,0,0,0
P0041,0,0,0,0,0
P0042,0,1,0,0,0
P0043,0,1,0,0,0
P0044,0,0,0,0,0
P0045,0,1,0,0,0
P0046,0,0,0,0,0
P0047,1,0,0,0,0
P0048,0,0,0,0,0
P0049,0,0,0,0,0
