patient_id,locus_id,gene_symbol,continuous_score,z_score,pvalue
P0000,rs2187668,HLA-DRB1,0.0204,0.4967,7.625912500000063e-07
P0000,rs9272346,HLA-DQB1,0.0265,-0.1383,1.1000000000000001e-08
P0000,rs3087243,CTLA4,0.0236,0.6477,8.392772160686266e-08
P0000,rs2476601,PTPN22,0.0237,1.523,7.870509143699739e-08
P0000,rs7903146,TCF7L2,0.0242,-0.2342,5.4792481642985585e-08
P0000,rs689,INS,0.0204,-0.2341,7.384619230808462e-07
P0000,rs1800623,LTA,0.416,-0.4695,
P0000,rs2292239,ERBB3,0.0277,0.5426,4.857142900002859e-09
P0001,rs2187668,HLA-DRB1,0.0204,-0.4634,7.625912500000063e-07
P0001,rs9272346,HLA-DQB1,0.0265,-0.4657,1.1000000000000001e-08
P0001,rs3087243,CTLA4,0.0236,0.242,8.392772160686266e-08
P0001,rs2476601,PTPN22,0.0237,-1.9133,7.870509143699739e-08
P0001,rs7903146,TCF7L2,0.0242,-1.7249,5.4792481642985585e-08
P0001,rs689,INS,0.0204,-0.5623,7.384619230808462e-07
P0001,rs1800623,LTA,0.1109,1.4656,
P0001,rs2292239,ERBB3,0.0277,-0.2258,4.857142900002859e-09
P0002,rs2187668,HLA-DRB1,0.0204,0.0675,7.625912500000063e-07
P0002,rs9272346,HLA-DQB1,0.0265,-1.4247,1.1000000000000001e-08
P0002,rs3087243,CTLA4,0.0236,-0.5444,8.392772160686266e-08
P0002,rs2476601,PTPN22,0.0237,0.1109,7.870509143699739e-08
P0002,rs7903146,TCF7L2,0.0242,-1.151,5.4792481642985585e-08
P0002,rs689,INS,0.0204,0.3757,7.384619230808462e-07
P0002,rs1800623,LTA,0.1983,-0.0135,
P0002,rs2292239,ERBB3,0.0277,-1.0577,4.857142900002859e-09
P0003,rs2187668,HLA-DRB1,0.0204,0.8225,7.625912500000063e-07
P0003,rs9272346,HLA-DQB1,0.0265,-1.2208,1.1000000000000001e-08
P0003,rs3087243,CTLA4,0.0236,0.2089,8.392772160686266e-08
P0003,rs2476601,PTPN22,0.0237,-1.9597,7.870509143699739e-08
P0003,rs7903146,TCF7L2,0.0242,-1.3282,5.4792481642985585e-08
P0003,rs689,INS,0.0204,0.1969,7.384619230808462e-07
P0003,rs1800623,LTA,0.3579,-0.1156,
P0003,rs2292239,ERBB3,0.0277,-0.3011,4.857142900002859e-09
P0004,rs2187668,HLA-DRB1,0.0204,-1.4785,7.625912500000063e-07
P0004,rs9272346,HLA-DQB1,0.0265,-0.7198,1.1000000000000001e-08
P0004,rs3087243,CTLA4,0.0236,-0.4606,8.392772160686266e-08
P0004,rs2476601,PTPN22,0.0237,1.0571,7.870509143699739e-08
P0004,rs7903146,TCF7L2,0.0242,0.3436,5.4792481642985585e-08
P0004,rs689,INS,0.0204,-1.763,7.384619230808462e-07
P0004,rs1800623,LTA,0.3533,-0.6769,
P0004,rs2292239,ERBB3,0.0277,0.6117,4.857142900002859e-09
P0005,rs2187668,HLA-DRB1,0.0204,1.031,7.625912500000063e-07
P0005,rs9272346,HLA-DQB1,0.0265,0.9313,1.1000000000000001e-08
P0005,rs3087243,CTLA4,0.0236,-0.8392,8.392772160686266e-08
P0005,rs2476601,PTPN22,0.0237,-0.3092,7.870509143699739e-08
P0005,rs7903146,TCF7L2,0.0242,0.3313,5.4792481642985585e-08
P0005,rs689,INS,0.0204,0.9755,7.384619230808462e-07
P0005,rs1800623,LTA,0.2077,0.8125,
P0005,rs2292239,ERBB3,0.0277,1.3562,4.857142900002859e-09
P0006,rs2187668,HLA-DRB1,0.0204,-0.072,7.625912500000063e-07
P0006,rs9272346,HLA-DQB1,0.0265,1.0035,1.1000000000000001e-08
P0006,rs3087243,CTLA4,0.0236,0.3616,8.392772160686266e-08
P0006,rs2476601,PTPN22,0.0237,-0.6451,7.870509143699739e-08
P0006,rs7903146,TCF7L2,0.0242,0.3614,5.4792481642985585e-08
P0006,rs689,INS,0.0204,1.538,7.384619230808462e-07
P0006,rs1800623,LTA,0.1536,0.087,
P0006,rs2292239,ERBB3,0.0277,-0.299,4.857142900002859e-09
P0007,rs2187668,HLA-DRB1,0.0204,0.0918,7.625912500000063e-07
P0007,rs9272346,HLA-DQB1,0.0265,-1.9876,1.1000000000000001e-08
P0007,rs3087243,CTLA4,0.0236,-0.2197,8.392772160686266e-08
P0007,rs2476601,PTPN22,0.0237,0.3571,7.870509143699739e-08
P0007,rs7903146,TCF7L2,0.0242,1.4779,5.4792481642985585e-08
P0007,rs689,INS,0.0204,-0.5183,7.384619230808462e-07
P0007,rs1800623,LTA,0.1839,0.9154,
P0007,rs2292239,ERBB3,0.0277,0.3288,4.857142900002859e-09
P0008,rs2187668,HLA-DRB1,0.0204,-0.5298,7.625912500000063e-07
P0008,rs9272346,HLA-DQB1,0.0265,0.5133,1.1000000000000001e-08
P0008,rs3087243,CTLA4,0.0236,0.0971,8.392772160686266e-08
P0008,rs2476601,PTPN22,0.0237,0.9686,7.870509143699739e-08
P0008,rs7903146,TCF7L2,0.0242,-0.7021,5.4792481642985585e-08
P0008,rs689,INS,0.0204,-0.3277,7.384619230808462e-07
P0008,rs1800623,LTA,0.3585,0.0051,
P0008,rs2292239,ERBB3,0.0277,-0.2346,4.857142900002859e-09
P0009,rs2187668,HLA-DRB1,0.0204,-1.4154,7.625912500000063e-07
P0009,rs9272346,HLA-DQB1,0.0265,-0.4206,1.1000000000000001e-08
P0009,rs3087243,CTLA4,0.0236,-0.3427,8.392772160686266e-08
P0009,rs2476601,PTPN22,0.0237,-0.8023,7.870509143699739e-08
P0009,rs7903146,TCF7L2,0.0242,-0.1613,5.4792481642985585e-08
P0009,rs689,INS,0.0204,0.4041,7.384619230808462e-07
P0009,rs1800623,LTA,0.5202,-1.9188,
P0009,rs2292239,ERBB3,0.0277,-0.0265,4.857142900002859e-09
P0010,rs2187668,HLA-DRB1,0.0204,0.0602,7.625912500000063e-07
P0010,rs9272346,HLA-DQB1,0.0265,2.4632,1.1000000000000001e-08
P0010,rs3087243,CTLA4,0.0236,-0.1924,8.392772160686266e-08
P0010,rs2476601,PTPN22,0.0237,0.3015,7.870509143699739e-08
P0010,rs7903146,TCF7L2,0.0242,-0.0347,5.4792481642985585e-08
P0010,rs689,INS,0.0204,-1.1687,7.384619230808462e-07
P0010,rs1800623,LTA,0.3582,1.4028,
P0010,rs2292239,ERBB3,0.0277,-1.4019,4.857142900002859e-09
P0011,rs2187668,HLA-DRB1,0.0204,0.5869,7.625912500000063e-07
P0011,rs9272346,HLA-DQB1,0.0265,2.1905,1.1000000000000001e-08
P0011,rs3087243,CTLA4,0.0236,-0.9905,8.392772160686266e-08
P0011,rs2476601,PTPN22,0.0237,-0.5663,7.870509143699739e-08
P0011,rs7903146,TCF7L2,0.0242,0.0997,5.4792481642985585e-08
P0011,rs689,INS,0.0204,-0.5035,7.384619230808462e-07
P0011,rs1800623,LTA,0.0694,-0.9194,
P0011,rs2292239,ERBB3,0.0277,1.5499,4.857142900002859e-09
P0012,rs2187668,HLA-DRB1,0.0204,-0.7833,7.625912500000063e-07
P0012,rs9272346,HLA-DQB1,0.0265,-0.3221,1.1000000000000001e-08
P0012,rs3087243,CTLA4,0.0236,0.8135,8.392772160686266e-08
P0012,rs2476601,PTPN22,0.0237,-1.2309,7.870509143699739e-08
P0012,rs7903146,TCF7L2,0.0242,0.2275,5.4792481642985585e-08
P0012,rs689,INS,0.0204,1.3071,7.384619230808462e-07
P0012,rs1800623,LTA,0.0617,0.2599,
P0012,rs2292239,ERBB3,0.0277,0.7818,4.857142900002859e-09
P0013,rs2187668,HLA-DRB1,0.0204,-1.237,7.625912500000063e-07
P0013,rs9272346,HLA-DQB1,0.0265,-1.3205,1.1000000000000001e-08
P0013,rs3087243,CTLA4,0.0236,0.5219,8.392772160686266e-08
P0013,rs2476601,PTPN22,0.0237,0.297,7.870509143699739e-08
P0013,rs7903146,TCF7L2,0.0242,0.2505,5.4792481642985585e-08
P0013,rs689,INS,0.0204,0.3464,7.384619230808462e-07
P0013,rs1800623,LTA,0.1526,0.2931,
P0013,rs2292239,ERBB3,0.0277,-0.7144,4.857142900002859e-09
P0014,rs2187668,HLA-DRB1,0.0204,1.8658,7.625912500000063e-07
P0014,rs9272346,HLA-DQB1,0.0265,0.4738,1.1000000000000001e-08
P0014,rs3087243,CTLA4,0.0236,-1.1913,8.392772160686266e-08
P0014,rs2476601,PTPN22,0.0237,0.6566,7.870509143699739e-08
P0014,rs7903146,TCF7L2,0.0242,-0.9747,5.4792481642985585e-08
P0014,rs689,INS,0.0204,0.7871,7.384619230808462e-07
P0014,rs1800623,LTA,0.5403,0.8221,
P0014,rs2292239,ERBB3,0.0277,1.8968,4.857142900002859e-09
P0015,rs2187668,HLA-DRB1,0.0204,-0.2454,7.625912500000063e-07
P0015,rs9272346,HLA-DQB1,0.0265,-0.7537,1.1000000000000001e-08
P0015,rs3087243,CTLA4,0.0236,-0.8895,8.392772160686266e-08
P0015,rs2476601,PTPN22,0.0237,-0.8158,7.870509143699739e-08
P0015,rs7903146,TCF7L2,0.0242,-0.0771,5.4792481642985585e-08
P0015,rs689,INS,0.0204,0.3412,7.384619230808462e-07
P0015,rs1800623,LTA,0.2345,-0.2647,
P0015,rs2292239,ERBB3,0.0277,2.7202,4.857142900002859e-09
P0016,rs2187668,HLA-DRB1,0.0204,0.6257,7.625912500000063e-07
P0016,rs9272346,HLA-DQB1,0.0265,-0.8572,1.1000000000000001e-08
P0016,rs3087243,CTLA4,0.0236,-1.0709,8.392772160686266e-08
P0016,rs2476601,PTPN22,0.0237,0.4825,7.870509143699739e-08
P0016,rs7903146,TCF7L2,0.0242,-0.2235,5.4792481642985585e-08
P0016,rs689,INS,0.0204,0.714,7.384619230808462e-07
P0016,rs1800623,LTA,0.343,-0.8468,
P0016,rs2292239,ERBB3,0.0277,-1.5148,4.857142900002859e-09
P0017,rs2187668,HLA-DRB1,0.0204,-0.4465,7.625912500000063e-07
P0017,rs9272346,HLA-DQB1,0.0265,0.8564,1.1000000000000001e-08
P0017,rs3087243,CTLA4,0.0236,0.2141,8.392772160686266e-08
P0017,rs2476601,PTPN22,0.0237,-1.2457,7.870509143699739e-08
P0017,rs7903146,TCF7L2,0.0242,0.1732,5.4792481642985585e-08
P0017,rs689,INS,0.0204,0.3853,7.384619230808462e-07
P0017,rs1800623,LTA,0.1327,0.0582,
P0017,rs2292239,ERBB3,0.0277,-1.143,4.857142900002859e-09
P0018,rs2187668,HLA-DRB1,0.0204,0.3578,7.625912500000063e-07
P0018,rs9272346,HLA-DQB1,0.0265,0.5608,1.1000000000000001e-08
P0018,rs3087243,CTLA4,0.0236,1.0831,8.392772160686266e-08
P0018,rs2476601,PTPN22,0.0237,1.0538,7.870509143699739e-08
P0018,rs7903146,TCF7L2,0.0242,-1.3777,5.4792481642985585e-08
P0018,rs689,INS,0.0204,-0.9378,7.384619230808462e-07
P0018,rs1800623,LTA,0.2924,0.515,
P0018,rs2292239,ERBB3,0.0277,3.8527,4.857142900002859e-09
P0019,rs2187668,HLA-DRB1,0.0204,0.5709,7.625912500000063e-07
P0019,rs9272346,HLA-DQB1,0.0265,1.1356,1.1000000000000001e-08
P0019,rs3087243,CTLA4,0.0236,0.954,8.392772160686266e-08
P0019,rs2476601,PTPN22,0.0237,0.6514,7.870509143699739e-08
P0019,rs7903146,TCF7L2,0.0242,-0.3153,5.4792481642985585e-08
P0019,rs689,INS,0.0204,0.759,7.384619230808462e-07
P0019,rs1800623,LTA,0.17,2.3147,
P0019,rs2292239,ERBB3,0.0277,-1.8673,4.857142900002859e-09
P0020,rs2187668,HLA-DRB1,0.0204,0.6863,7.625912500000063e-07
P0020,rs9272346,HLA-DQB1,0.0265,-1.6127,1.1000000000000001e-08
P0020,rs3087243,CTLA4,0.0236,-0.4719,8.392772160686266e-08
P0020,rs2476601,PTPN22,0.0237,1.089,7.870509143699739e-08
P0020,rs7903146,TCF7L2,0.0242,0.0643,5.4792481642985585e-08
P0020,rs689,INS,0.0204,-1.0777,7.384619230808462e-07
P0020,rs1800623,LTA,0.1255,0.0456,
P0020,rs2292239,ERBB3,0.0277,-0.6516,4.857142900002859e-09
P0021,rs2187668,HLA-DRB1,0.0204,2.1439,7.625912500000063e-07
P0021,rs9272346,HLA-DQB1,0.0265,0.6339,1.1000000000000001e-08
P0021,rs3087243,CTLA4,0.0236,-2.0251,8.392772160686266e-08
P0021,rs2476601,PTPN22,0.0237,0.1865,7.870509143699739e-08
P0021,rs7903146,TCF7L2,0.0242,-0.6618,5.4792481642985585e-08
P0021,rs689,INS,0.0204,0.8524,7.384619230808462e-07
P0021,rs1800623,LTA,0.1594,0.505,
P0021,rs2292239,ERBB3,0.0277,0.8658,4.857142900002859e-09
P0022,rs2187668,HLA-DRB1,0.0204,-1.2003,7.625912500000063e-07
P0022,rs9272346,HLA-DQB1,0.0265,-0.3345,1.1000000000000001e-08
P0022,rs3087243,CTLA4,0.0236,-0.4749,8.392772160686266e-08
P0022,rs2476601,PTPN22,0.0237,-0.6533,7.870509143699739e-08
P0022,rs7903146,TCF7L2,0.0242,1.7655,5.4792481642985585e-08
P0022,rs689,INS,0.0204,0.405,7.384619230808462e-07
P0022,rs1800623,LTA,0.0686,2.1222,
P0022,rs2292239,ERBB3,0.0277,1.0325,4.857142900002859e-09
P0023,rs2187668,HLA-DRB1,0.0204,-1.5194,7.625912500000063e-07
P0023,rs9272346,HLA-DQB1,0.0265,-0.4842,1.1000000000000001e-08
P0023,rs3087243,CTLA4,0.0236,1.2669,8.392772160686266e-08
P0023,rs2476601,PTPN22,0.0237,-0.7077,7.870509143699739e-08
P0023,rs7903146,TCF7L2,0.0242,0.4438,5.4792481642985585e-08
P0023,rs689,INS,0.0204,0.7746,7.384619230808462e-07
P0023,rs1800623,LTA,0.1391,-0.2526,
P0023,rs2292239,ERBB3,0.0277,-1.2478,4.857142900002859e-09
P0024,rs2187668,HLA-DRB1,0.0204,1.6324,7.625912500000063e-07
P0024,rs9272346,HLA-DQB1,0.0265,-1.4301,1.1000000000000001e-08
P0024,rs3087243,CTLA4,0.0236,-0.44,8.392772160686266e-08
P0024,rs2476601,PTPN22,0.0237,0.1307,7.870509143699739e-08
P0024,rs7903146,TCF7L2,0.0242,1.4413,5.4792481642985585e-08
P0024,rs689,INS,0.0204,-1.4359,7.384619230808462e-07
P0024,rs1800623,LTA,0.4387,0.1991,
P0024,rs2292239,ERBB3,0.0277,-0.6002,4.857142900002859e-09
P0025,rs2187668,HLA-DRB1,0.0204,0.0698,7.625912500000063e-07
P0025,rs9272346,HLA-DQB1,0.0265,-0.3853,1.1000000000000001e-08
P0025,rs3087243,CTLA4,0.0236,0.1135,8.392772160686266e-08
P0025,rs2476601,PTPN22,0.0237,0.6621,7.870509143699739e-08
P0025,rs7903146,TCF7L2,0.0242,1.586,5.4792481642985585e-08
P0025,rs689,INS,0.0204,-1.2378,7.384619230808462e-07
P0025,rs1800623,LTA,0.0369,-0.6227,
P0025,rs2292239,ERBB3,0.0277,0.885,4.857142900002859e-09
P0026,rs2187668,HLA-DRB1,0.0204,-0.4645,7.625912500000063e-07
P0026,rs9272346,HLA-DQB1,0.0265,-0.6222,1.1000000000000001e-08
P0026,rs3087243,CTLA4,0.0236,-0.3555,8.392772160686266e-08
P0026,rs2476601,PTPN22,0.0237,0.952,7.870509143699739e-08
P0026,rs7903146,TCF7L2,0.0242,1.4526,5.4792481642985585e-08
P0026,rs689,INS,0.0204,0.362,7.384619230808462e-07
P0026,rs1800623,LTA,0.4503,-0.5602,
P0026,rs2292239,ERBB3,0.0277,-1.7877,4.857142900002859e-09
P0027,rs2187668,HLA-DRB1,0.0204,-1.2206,7.625912500000063e-07
P0027,rs9272346,HLA-DQB1,0.0265,-0.6692,1.1000000000000001e-08
P0027,rs3087243,CTLA4,0.0236,1.1619,8.392772160686266e-08
P0027,rs2476601,PTPN22,0.0237,1.5529,7.870509143699739e-08
P0027,rs7903146,TCF7L2,0.0242,-0.4395,5.4792481642985585e-08
P0027,rs689,INS,0.0204,-0.4079,7.384619230808462e-07
P0027,rs1800623,LTA,0.2004,0.021,
P0027,rs2292239,ERBB3,0.0277,-0.2392,4.857142900002859e-09
P0028,rs2187668,HLA-DRB1,0.0204,0.854,7.625912500000063e-07
P0028,rs9272346,HLA-DQB1,0.0265,-0.271,1.1000000000000001e-08
P0028,rs3087243,CTLA4,0.0236,-0.6131,8.392772160686266e-08
P0028,rs2476601,PTPN22,0.0237,1.9123,7.870509143699739e-08
P0028,rs7903146,TCF7L2,0.0242,1.0652,5.4792481642985585e-08
P0028,rs689,INS,0.0204,-1.792,7.384619230808462e-07
P0028,rs1800623,LTA,0.1312,0.7917,
P0028,rs2292239,ERBB3,0.0277,-0.6991,4.857142900002859e-09
P0029,rs2187668,HLA-DRB1,0.0204,-0.0088,7.625912500000063e-07
P0029,rs9272346,HLA-DQB1,0.0265,-2.09,1.1000000000000001e-08
P0029,rs3087243,CTLA4,0.0236,1.7704,8.392772160686266e-08
P0029,rs2476601,PTPN22,0.0237,-0.3091,7.870509143699739e-08
P0029,rs7903146,TCF7L2,0.0242,0.8038,5.4792481642985585e-08
P0029,rs689,INS,0.0204,0.6138,7.384619230808462e-07
P0029,rs1800623,LTA,0.4405,-0.5069,
P0029,rs2292239,ERBB3,0.0277,0.5591,4.857142900002859e-09
P0030,rs2187668,HLA-DRB1,0.0204,0.8725,7.625912500000063e-07
P0030,rs9272346,HLA-DQB1,0.0265,1.1544,1.1000000000000001e-08
P0030,rs3087243,CTLA4,0.0236,-0.4774,8.392772160686266e-08
P0030,rs2476601,PTPN22,0.0237,-0.6642,7.870509143699739e-08
P0030,rs7903146,TCF7L2,0.0242,1.3601,5.4792481642985585e-08
P0030,rs689,INS,0.0204,-2.0371,7.384619230808462e-07
P0030,rs1800623,LTA,0.5,-1.0025,
P0030,rs2292239,ERBB3,0.0277,-0.6823,4.857142900002859e-09
P0031,rs2187668,HLA-DRB1,0.0204,-0.0482,7.625912500000063e-07
P0031,rs9272346,HLA-DQB1,0.0265,1.2711,1.1000000000000001e-08
P0031,rs3087243,CTLA4,0.0236,0.7709,8.392772160686266e-08
P0031,rs2476601,PTPN22,0.0237,0.4927,7.870509143699739e-08
P0031,rs7903146,TCF7L2,0.0242,0.0889,5.4792481642985585e-08
P0031,rs689,INS,0.0204,-1.4456,7.384619230808462e-07
P0031,rs1800623,LTA,0.1336,0.0126,
P0031,rs2292239,ERBB3,0.0277,0.4736,4.857142900002859e-09
P0032,rs2187668,HLA-DRB1,0.0204,0.0544,7.625912500000063e-07
P0032,rs9272346,HLA-DQB1,0.0265,2.2758,1.1000000000000001e-08
P0032,rs3087243,CTLA4,0.0236,0.4062,8.392772160686266e-08
P0032,rs2476601,PTPN22,0.0237,-0.4319,7.870509143699739e-08
P0032,rs7903146,TCF7L2,0.0242,1.86,5.4792481642985585e-08
P0032,rs689,INS,0.0204,1.2004,7.384619230808462e-07
P0032,rs1800623,LTA,0.321,-0.8083,
P0032,rs2292239,ERBB3,0.0277,-0.1577,4.857142900002859e-09
P0033,rs2187668,HLA-DRB1,0.0204,-1.3551,7.625912500000063e-07
P0033,rs9272346,HLA-DQB1,0.0265,1.0326,1.1000000000000001e-08
P0033,rs3087243,CTLA4,0.0236,-1.8101,8.392772160686266e-08
P0033,rs2476601,PTPN22,0.0237,-1.9127,7.870509143699739e-08
P0033,rs7903146,TCF7L2,0.0242,0.3625,5.4792481642985585e-08
P0033,rs689,INS,0.0204,0.5713,7.384619230808462e-07
P0033,rs1800623,LTA,0.5805,1.8315,
P0033,rs2292239,ERBB3,0.0277,-0.0736,4.857142900002859e-09
P0034,rs2187668,HLA-DRB1,0.0204,-0.2822,7.625912500000063e-07
P0034,rs9272346,HLA-DQB1,0.0265,0.2955,1.1000000000000001e-08
P0034,rs3087243,CTLA4,0.0236,-1.0973,8.392772160686266e-08
P0034,rs2476601,PTPN22,0.0237,0.3409,7.870509143699739e-08
P0034,rs7903146,TCF7L2,0.0242,-0.0864,5.4792481642985585e-08
P0034,rs689,INS,0.0204,0.2756,7.384619230808462e-07
P0034,rs1800623,LTA,0.5065,-0.5994,
P0034,rs2292239,ERBB3,0.0277,0.2594,4.857142900002859e-09
P0035,rs2187668,HLA-DRB1,0.0204,0.3023,7.625912500000063e-07
P0035,rs9272346,HLA-DQB1,0.0265,1.5162,1.1000000000000001e-08
P0035,rs3087243,CTLA4,0.0236,0.3125,8.392772160686266e-08
P0035,rs2476601,PTPN22,0.0237,-0.313,7.870509143699739e-08
P0035,rs7903146,TCF7L2,0.0242,-1.5991,5.4792481642985585e-08
P0035,rs689,INS,0.0204,-1.3686,7.384619230808462e-07
P0035,rs1800623,LTA,0.5422,1.2777,
P0035,rs2292239,ERBB3,0.0277,0.2423,4.857142900002859e-09
P0036,rs2187668,HLA-DRB1,0.0204,2.0474,7.625912500000063e-07
P0036,rs9272346,HLA-DQB1,0.0265,0.1149,1.1000000000000001e-08
P0036,rs3087243,CTLA4,0.0236,1.5513,8.392772160686266e-08
P0036,rs2476601,PTPN22,0.0237,0.17,7.870509143699739e-08
P0036,rs7903146,TCF7L2,0.0242,1.1532,5.4792481642985585e-08
P0036,rs689,INS,0.0204,1.0266,7.384619230808462e-07
P0036,rs1800623,LTA,0.2335,1.3686,
P0036,rs2292239,ERBB3,0.0277,-0.4337,4.857142900002859e-09
P0037,rs2187668,HLA-DRB1,0.0204,-0.3423,7.625912500000063e-07
P0037,rs9272346,HLA-DQB1,0.0265,-1.7309,1.1000000000000001e-08
P0037,rs3087243,CTLA4,0.0236,1.4443,8.392772160686266e-08
P0037,rs2476601,PTPN22,0.0237,0.8861,7.870509143699739e-08
P0037,rs7903146,TCF7L2,0.0242,-0.1371,5.4792481642985585e-08
P0037,rs689,INS,0.0204,0.2001,7.384619230808462e-07
P0037,rs1800623,LTA,0.0152,-1.3801,
P0037,rs2292239,ERBB3,0.0277,-0.0147,4.857142900002859e-09
P0038,rs2187668,HLA-DRB1,0.0204,0.7964,7.625912500000063e-07
P0038,rs9272346,HLA-DQB1,0.0265,-0.2814,1.1000000000000001e-08
P0038,rs3087243,CTLA4,0.0236,-1.6647,8.392772160686266e-08
P0038,rs2476601,PTPN22,0.0237,-0.0062,7.870509143699739e-08
P0038,rs7903146,TCF7L2,0.0242,0.4031,5.4792481642985585e-08
P0038,rs689,INS,0.0204,1.1227,7.384619230808462e-07
P0038,rs1800623,LTA,0.0697,-0.9399,
P0038,rs2292239,ERBB3,0.0277,0.7474,4.857142900002859e-09
P0039,rs2187668,HLA-DRB1,0.0204,-0.2907,7.625912500000063e-07
P0039,rs9272346,HLA-DQB1,0.0265,2.0551,1.1000000000000001e-08
P0039,rs3087243,CTLA4,0.0236,-0.3194,8.392772160686266e-08
P0039,rs2476601,PTPN22,0.0237,-0.4467,7.870509143699739e-08
P0039,rs7903146,TCF7L2,0.0242,-0.4757,5.4792481642985585e-08
P0039,rs689,INS,0.0204,-0.8155,7.384619230808462e-07
P0039,rs1800623,LTA,0.1904,-1.0352,
P0039,rs2292239,ERBB3,0.0277,0.0575,4.857142900002859e-09
P0040,rs2187668,HLA-DRB1,0.0204,-2.2828,7.625912500000063e-07
P0040,rs9272346,HLA-DQB1,0.0265,-0.1019,1.1000000000000001e-08
P0040,rs3087243,CTLA4,0.0236,0.0421,8.392772160686266e-08
P0040,rs2476601,PTPN22,0.0237,0.5146,7.870509143699739e-08
P0040,rs7903146,TCF7L2,0.0242,1.2046,5.4792481642985585e-08
P0040,rs689,INS,0.0204,0.8514,7.384619230808462e-07
P0040,rs1800623,LTA,0.2147,-0.5758,
P0040,rs2292239,ERBB3,0.0277,2.3741,4.857142900002859e-09
P0041,rs2187668,HLA-DRB1,0.0204,-0.3107,7.625912500000063e-07
P0041,rs9272346,HLA-DQB1,0.0265,-0.6265,1.1000000000000001e-08
P0041,rs3087243,CTLA4,0.0236,-2.1921,8.392772160686266e-08
P0041,rs2476601,PTPN22,0.0237,0.8514,7.870509143699739e-08
P0041,rs7903146,TCF7L2,0.0242,-0.9879,5.4792481642985585e-08
P0041,rs689,INS,0.0204,0.0286,7.384619230808462e-07
P0041,rs1800623,LTA,0.4255,-0.9555,
P0041,rs2292239,ERBB3,0.0277,-0.8105,4.857142900002859e-09
P0042,rs2187668,HLA-DRB1,0.0204,-0.9045,7.625912500000063e-07
P0042,rs9272346,HLA-DQB1,0.0265,-0.1869,1.1000000000000001e-08
P0042,rs3087243,CTLA4,0.0236,-0.0478,8.392772160686266e-08
P0042,rs2476601,PTPN22,0.0237,-1.0613,7.870509143699739e-08
P0042,rs7903146,TCF7L2,0.0242,-0.6544,5.4792481642985585e-08
P0042,rs689,INS,0.0204,-0.7732,7.384619230808462e-07
P0042,rs1800623,LTA,0.1183,0.8816,
P0042,rs2292239,ERBB3,0.0277,-0.874,4.857142900002859e-09
P0043,rs2187668,HLA-DRB1,0.0204,-0.0033,7.625912500000063e-07
P0043,rs9272346,HLA-DQB1,0.0265,2.3743,1.1000000000000001e-08
P0043,rs3087243,CTLA4,0.0236,1.0145,8.392772160686266e-08
P0043,rs2476601,PTPN22,0.0237,-0.4405,7.870509143699739e-08
P0043,rs7903146,TCF7L2,0.0242,1.582,5.4792481642985585e-08
P0043,rs689,INS,0.0204,-0.3881,7.384619230808462e-07
P0043,rs1800623,LTA,0.1193,1.9094,
P0043,rs2292239,ERBB3,0.0277,0.0277,4.857142900002859e-09
P0044,rs2187668,HLA-DRB1,0.0204,0.1274,7.625912500000063e-07
P0044,rs9272346,HLA-DQB1,0.0265,-0.3614,1.1000000000000001e-08
P0044,rs3087243,CTLA4,0.0236,-0.2385,8.392772160686266e-08
P0044,rs2476601,PTPN22,0.0237,-0.4581,7.870509143699739e-08
P0044,rs7903146,TCF7L2,0.0242,-0.626,5.4792481642985585e-08
P0044,rs689,INS,0.0204,-0.3819,7.384619230808462e-07
P0044,rs1800623,LTA,0.1993,-0.831,
P0044,rs2292239,ERBB3,0.0277,0.3903,4.857142900002859e-09
P0045,rs2187668,HLA-DRB1,0.0204,-0.0849,7.625912500000063e-07
P0045,rs9272346,HLA-DQB1,0.0265,0.2373,1.1000000000000001e-08
P0045,rs3087243,CTLA4,0.0236,0.2736,8.392772160686266e-08
P0045,rs2476601,PTPN22,0.0237,-0.724,7.870509143699739e-08
P0045,rs7903146,TCF7L2,0.0242,-0.5326,5.4792481642985585e-08
P0045,rs689,INS,0.0204,0.5283,7.384619230808462e-07
P0045,rs1800623,LTA,0.5051,0.5434,
P0045,rs2292239,ERBB3,0.0277,-0.5646,4.857142900002859e-09
P0046,rs2187668,HLA-DRB1,0.0204,-1.002,7.625912500000063e-07
P0046,rs9272346,HLA-DQB1,0.0265,0.2798,1.1000000000000001e-08
P0046,rs3087243,CTLA4,0.0236,-2.741,8.392772160686266e-08
P0046,rs2476601,PTPN22,0.0237,-0.4586,7.870509143699739e-08
P0046,rs7903146,TCF7L2,0.0242,-0.3067,5.4792481642985585e-08
P0046,rs689,INS,0.0204,-1.5243,7.384619230808462e-07
P0046,rs1800623,LTA,0.3925,-1.211,
P0046,rs2292239,ERBB3,0.0277,-0.1486,4.857142900002859e-09
P0047,rs2187668,HLA-DRB1,0.0204,-0.4075,7.625912500000063e-07
P0047,rs9272346,HLA-DQB1,0.0265,-0.602,1.1000000000000001e-08
P0047,rs3087243,CTLA4,0.0236,0.7603,8.392772160686266e-08
P0047,rs2476601,PTPN22,0.0237,1.1063,7.870509143699739e-08
P0047,rs7903146,TCF7L2,0.0242,0.7716,5.4792481642985585e-08
P0047,rs689,INS,0.0204,-0.7233,7.384619230808462e-07
P0047,rs1800623,LTA,0.5442,-0.203,
P0047,rs2292239,ERBB3,0.0277,0.1697,4.857142900002859e-09
P0048,rs2187668,HLA-DRB1,0.0204,0.0894,7.625912500000063e-07
P0048,rs9272346,HLA-DQB1,0.0265,0.488,1.1000000000000001e-08
P0048,rs3087243,CTLA4,0.0236,1.5801,8.392772160686266e-08
P0048,rs2476601,PTPN22,0.0237,-0.1199,7.870509143699739e-08
P0048,rs7903146,TCF7L2,0.0242,0.1137,5.4792481642985585e-08
P0048,rs689,INS,0.0204,-0.5945,7.384619230808462e-07
P0048,rs1800623,LTA,0.3138,-0.421,
P0048,rs2292239,ERBB3,0.0277,-2.2081,4.857142900002859e-09
P0049,rs2187668,HLA-DRB1,0.0204,0.3608,7.625912500000063e-07
P0049,rs9272346,HLA-DQB1,0.0265,-0.2702,1.1000000000000001e-08
P0049,rs3087243,CTLA4,0.0236,0.9476,8.392772160686266e-08
P0049,rs2476601,PTPN22,0.0237,-0.2501,7.870509143699739e-08
P0049,rs7903146,TCF7L2,0.0242,1.3011,5.4792481642985585e-08
P0049,rs689,INS,0.0204,-0.6764,7.384619230808462e-07
P0049,rs1800623,LTA,0.0263,1.6764,
P0049,rs2292239,ERBB3,0.0277,-0.2392,4.857142900002859e-09
